id,tingkat,mapel_id,ki_id,kode_kd,teks_kd,created_at,updated_at
1,6,bid,3,3.1,Menyimpulkan informasi berdasarkan teks laporan hasil pengamatan yang didengar dan dibaca,,
2,6,bid,3,3.2,Menggali isi teks penjelasan (eksplanasi) ilmiah yang didengar dan dibaca,,
3,6,bid,3,3.3,Menggali isi teks pidato yang didengar dan dibaca,,
4,6,bid,3,3.4,"Menggali informasi penting dari buku sejarah menggunakan aspek: apa, di mana, kapan, siapa, mengapa, dan bagaimana",,
5,6,bid,3,3.5,Membandingkan karakteristik teks puisi dan teks prosa,,
6,6,bid,3,3.6,"Mencermati petunjuk dan isi teks formulir (pendaftaran, kartu anggota, pengiriman uang melalui bank/kantor pos, daftar riwayat hidup, dsb.)",,
7,6,bid,3,3.7,Memperkirakan informasi yang dapat diperoleh dari teks nonfiksi sebelum membaca (hanya berdasarkan membaca judulnya saja),,
8,6,bid,3,3.8,Menggali informasi yang terdapat pada teks nonfiksi,,
9,6,bid,3,3.9,Menelusuri tuturan dan tindakan tokoh serta penceritaan penulis dalam teks fiksi,,
10,6,bid,3,3.10,Mengaitkan peristiwa yang dialami tokoh dalam cerita fiksi dengan pengalaman pribadi,,
11,6,bid,4,4.1,Menyajikan simpulan secara lisan dan tulis dari teks laporan hasil pengamatan atau wawancara yang diperkuat oleh bukti,,
12,6,bid,4,4.2,"Menyajikan hasil penggalian informasi dari teks penjelasan (eksplanasi) ilmiah secara lisan, tulis, dan visual dengan menggunakan kosakata baku dan kalimat efektif",,
13,6,bid,4,4.3,Menyampaikan pidato hasil karya pribadi dengan menggunakan kosakata baku dan kalimat efektif sebagai bentuk ungkapan diri,,
14,6,bid,4,4.4,"Memaparkan informasi penting dari buku sejarah secara lisan, tulis, dan visual dengan menggunakan aspek: apa, di mana, kapan, siapa, mengapa, dan bagaimana serta memperhatikan penggunaan kosa",,
15,6,bid,4,4.5,Mengubah teks puisi ke dalam teks prosa dengan tetap memperhatikan makna isi teks puisi,,
16,6,bid,4,4.6,"Mengisi teks formulir (pendaftaran, kartu anggota, pengiriman uang melalui bank/kantor pos, daftar riwayat hidup, dll.) sesuai petunjuk pengisiannya",,
17,6,bid,4,4.7,"Menyampaikan kemungkinan informasi yang diperoleh berdasarkan membaca judul teks nonfiksi secara lisan, tulis, dan visual",,
18,6,bid,4,4.8,"Menyampaikan hasil membandingkan informasi yang diharapkan dengan informasi yang diperoleh setelah membaca teks nonfiksi secara lisan, tulis, dan visual",,
19,6,bid,4,4.9,"Menyampaikan penjelasan tentang tuturan dan tindakan tokoh serta penceritaan penulis dalam teks fiksi secara lisan, tulis, dan visual",,
20,6,bid,4,4.10,"Menyajikan hasil pengaitan peristiwa yang dialami tokoh dalam cerita fiksi dengan pengalaman pribadi secara lisan, tulis, dan visual",,
21,6,ipa,3,3.1,Membandingkan cara perkembangbiakan tumbuhan dan hewan,,
22,6,ipa,3,3.2,Menghubungkan ciri pubertas pada laki-laki dan perempuan dengan kesehatan reproduksi,,
23,6,ipa,3,3.3,Menganalisis cara makhluk hidup menyesuaikan diri dengan lingkungan,,
24,6,ipa,3,3.4,Mengidentifikasi komponen-komponen listrik dan fungsinya dalam rangkaian listrik sederhana,,
25,6,ipa,3,3.5,Mengidentifikasi sifat-sifat magnet dalam kehidupan sehari-hari,,
26,6,ipa,3,3.6,"Menjelaskan cara menghasilkan, menyalurkan, dan menghemat energi listrik",,
27,6,ipa,3,3.7,Menjelaskan sistem tata surya dan karakteristik anggota tata surya,,
28,6,ipa,3,3.8,Menjelaskan peristiwa rotasi dan revolusi bumi serta terjadinya gerhana bulan dan gerhana matahari,,
29,6,ipa,4,4.1,Menyajikan karya tentang perkembangangbiakan tumbuhan,,
30,6,ipa,4,4.2,Menyajikan karya tentang cara menyikapi ciri-ciri pubertas yang dialami,,
31,6,ipa,4,4.3,"Menyajikan karya tentang cara makhluk hidup menyesuaikan diri dengan lingkungannya, sebagai hasil penelusuran berbagai sumber",,
32,6,ipa,4,4.4,Melakukan percobaan rangkaian listrik sederhana secara seri dan paralel,,
33,6,ipa,4,4.5,Membuat laporan hasil percobaan tentang sifat-sifat magnet dan penerapannya dalam kehidupan sehari-hari,,
34,6,ipa,4,4.6,Menyajikan karya tentang berbagai cara melakukan penghematan energi dan usulan sumber alternatif energi listrik,,
35,6,ipa,4,4.7,Membuat model sistem tata surya,,
36,6,ipa,4,4.8,Membuat model gerhana bulan dan gerhana matahari,,
37,6,ips,3,3.1,"Mengidentifikasi karakteristik geografis dan kehidupan sosial budaya, ekonomi, politik di wilayah ASEAN.",,
38,6,ips,3,3.2,Menganalisis perubahan sosial budaya dalam rangka modernisasi bangsa Indonesia.,,
39,6,ips,3,3.3,"Menganalisis posisi dan peran Indonesia dalam kerja sama di bidang ekonomi, politik, sosial, budaya, teknologi, dan pendidikan dalam lingkup ASEAN.",,
40,6,ips,3,3.4,"Memahami makna proklamasi kemerdekaan, upaya mempertahankan kemerdekaan, dan upaya mengembangkan kehidupan kebangsaan yang sejahtera.",,
41,6,ips,4,4.1,"Menyajikan hasil identifikasi karakteristik geografis dan kehidupan sosial budaya, ekonomi, dan politik di wilayah ASEAN.",,
42,6,ips,4,4.2,Menyajikan hasil analisis mengenai perubahan sosial budaya dalam rangka modernisasi bangsa Indonesia.,,
43,6,ips,4,4.3,"Menyajikan hasil analisis tentang posisi dan peran Indonesia dalam kerja sama di bidang ekonomi, politik, sosial, budaya, teknologi, dan pendidikan dalam lingkup ASEAN.",,
44,6,ips,4,4.4,"Menyajikan laporan tentang makna proklamasi kemerdekaan, upaya mempertahankan kemerdekaan, dan upaya mengembangkan kehidupan kebangsaan yang sejahtera.",,
45,6,mtk,3,3.1,Menjelaskan bilangan bulat negatif (termasuk menggunakan garis bilangan),,
46,6,mtk,3,3.2,"Menjelaskan dan melakukan operasi penjumlahan, pengurangan, perkalian, dan pembagian yang melibatkan bilangan bulat negatif",,
47,6,mtk,3,3.3,"Menjelaskan dan melakukan operasi hitung campuran yang melibatkan bilangan cacah, pecahan dan/atau desimal dalam berbagai bentuk sesuai urutan operasi",,
48,6,mtk,3,3.4,"Menjelaskan titik pusat, jari-jari, diameter, busur, tali busur, tembereng, dan juring",,
49,6,mtk,3,3.5,Menjelaskan taksiran keliling dan luas lingkaran,,
50,6,mtk,3,3.6,"Membandingkan prisma, tabung, limas, kerucut, dan bola.",,
51,6,mtk,3,3.7,"Menjelaskan bangun ruang yang merupakan gabungan dari beberapa bangun ruang, serta luas permukaan dan volumenya",,
52,6,mtk,3,3.8,"Menjelaskan dan membandingkan modus, median, dan mean dari data tunggal untuk menentukan nilai mana yang paling tepat mewakili data",,
53,6,mtk,4,4.1,Menggunakan konsep bilangan bulat negatif (termasuk mengggunakan garis bilangan) untuk menyatakan situasi sehari-hari,,
54,6,mtk,4,4.2,"Menyelesaikan masalah yang berkaitan dengan operasi penjumlahan, pengurangan, perkalian, dan pembagian yang melibatkan bilangan bulat negatif dalam kehidupan sehari-hari",,
55,6,mtk,4,4.3,"Menyelesaikan masalah yang berkaitan operasi hitung campuran yang melibatkan bilangan cacah, pecahan dan/atau desimal dalam berbagai bentuk sesuai urutan operasi",,
56,6,mtk,4,4.4,"Mengidentifikasi titik pusat, jari-jari, diameter, busur, tali busur, tembereng, dan juring",,
57,6,mtk,4,4.5,Menaksir keliling dan luas lingkaran serta menggunakannya untuk menyelesaikan masalah,,
58,6,mtk,4,4.6,"Mengidentifikasi prisma, tabung, limas, kerucut, dan bola",,
59,6,mtk,4,4.7,"Mengidentifikasi bangun ruang yang merupakan gabungan dari beberapa bangun ruang, serta luas permukaan dan volumenya",,
60,6,mtk,4,4.8,"Menyelesaikan masalah yang berkaitan dengan modus, median, dan mean dari data tunggal dalam penyelesaian masalah",,
61,6,pkn,1,1.1,Bersyukur kepada Tuhan Yang Maha Esa atas nilai-nilai Pancasila secara utuh sebagai satu kesatuan dalam kehidupan sehari-hari,,
62,6,pkn,1,1.2,"Menghargai makna kewajiban, hak, dan tanggung jawab sebagai warga negara dalam menjalankan agama",,
63,6,pkn,1,1.3,"Mensyukuri keberagaman sosial, budaya, dan ekonomi masyarakat sebagai anugerah Tuhan Yang Maha Esa dalam konteks Bhineka Tunggal Ika",,
64,6,pkn,1,1.4,Mensyukuri persatuan dan kesatuan sebagai anugerah Tuhan Yang Maha Esa beserta dampaknya,,
65,6,pkn,2,2.1,Bersikap penuh tanggung jawab sesuai nilai-nilai Pancasila dalam kehidupan sehari-hari,,
66,6,pkn,2,2.2,"Melaksanakan kewajiban, hak, dan tanggung jawab sebagai warga negara sebagai wujud cinta tanah air",,
67,6,pkn,2,2.3,"Bersikap toleran dalam keberagaman sosial, budaya, dan ekonomi masyarakat dalam konteks Bhineka Tunggal Ika",,
68,6,pkn,2,2.4,Menampilkan sikap tanggung jawab terhadap penerapan nilai persatuan dan kesatuan dalam kehidupan berbangsa dan bernegara,,
69,6,pkn,3,3.1,Menganalisis penerapan nilai-nilai Pancasila dalam kehdupan sehari-hari,,
70,6,pkn,3,3.2,"Menganalisis pelaksanaan kewajiban, hak, dan tanggung jawab sebagai warga negara beserta dampaknya dalam kehidupan sehari-hari",,
71,6,pkn,3,3.3,"Menelaah keberagaman sosial, budaya, dan ekonomi masyarakat",,
72,6,pkn,3,3.4,Menelaah persatuan dan kesatuan terhadap kehidupan berbangsa dan bernegara beserta dampaknya,,
73,6,pkn,4,4.1,Menyajikan hasil analisis pelaksanaan nilai-nilai Pancasila dalam kehidupan sehari-hari,,
74,6,pkn,4,4.2,"Menyajikan hasil analisis pelaksanaan kewajiban, ha, dan tanggung jawab sebagai warga masyarakat beserta dampaknya dalam kehidupan sehari-hari",,
75,6,pkn,4,4.3,"Mengampanyekan manfaat keanekaragaman sosial, budaya, dan ekonomi",,
76,6,pkn,4,4.4,Menyajikan hasil telaah persatuan dan kesatuan terhadap kehidupan berbangsa dan bernegara beserta dampaknya,,
77,6,pjok,3,3.1,"Memahami variasi dan kombinasi gerak dasar lokomotor, non-lokomotor, dan manipulatif dengan kontrol yang baik dalam permainan bola besar sederhana dan atau tradisional*",,
78,6,pjok,3,3.2,"Memahami variasi dan kombinasi gerak dasar lokomotor, non-lokomotor, dan manipulatif dengan kontrol yang baik dalam permainan bola kecil sederhana dan atau tradisional*",,
79,6,pjok,3,3.3,"Memahami variasi dan kombinasi gerak dasar jalan, lari, lompat, dan lempar dengan kontrol yang baik melalui permainan dan atau olahraga tradisional",,
80,6,pjok,3,3.4,"Memahami variasi dan kombinasi gerak dasar lokomotor, non lokomotor, dan manipulatif untuk membentuk gerak dasar seni beladiri**",,
81,6,pjok,3,3.5,"Memahami latihan kebugaran jasmani dan pengukuran tingkat kebugaran jasmani pribadi secara sederhana (contoh: menghitung denyut nadi, menghitung kemampuan melakukan push up, menghitung kelent",,
82,6,pjok,3,3.6,"Memahami rangkaian tiga pola gerak dominan (bertumpu, bergantung, keseimbangan, berpindah/lokomotor, tolakan, putaran, ayunan, melayang, dan mendarat) dengan konsisten, tepat dan terkontrol d",,
83,6,pjok,3,3.7,Memahami penggunaan variasi dan kombinasi gerak dasar rangkaian langkah dan ayunan lengan mengikuti irama (ketukan) tanpa/dengan musik dalam aktivitas gerak berirama,,
84,6,pjok,3,3.8,Memahami keterampilan salah satu gaya renang dan dasar-dasar penyelamatan diri***,,
85,6,pjok,3,3.9,Memahami perlunya pemeliharaan kebersihan alat reproduksi,,
86,6,pjok,4,4.1,"Mempraktikkan variasi dan kombinasi gerak dasar lokomotor, non-lokomotor, dan manipulatif dengan kontrol yang baik dalam permainan bola besar sederhana dan atau tradisional*",,
87,6,pjok,4,4.2,"Mempraktikkan variasi dan kombinasi gerak dasar lokomotor, non-lokomotor, dan manipulatif dengan kontrol yang baik dalam permainan bola kecil sederhana dan atau tradisional*",,
88,6,pjok,4,4.3,"Mempraktikkan variasi dan kombinasi gerak dasar jalan, lari, lompat, dan lempar dengan kontrol yang baik melalui permainan dan atau olahraga tradisional",,
89,6,pjok,4,4.4,"Mempraktikkan variasi dan kombinasi gerak dasar lokomotor, non lokomotor, dan manipulatif untuk membentuk gerak dasar seni beladiri**",,
90,6,pjok,4,4.5,"Mempratikkan latihan kebugaran jasmani dan pengukuran tingkat kebugaran jasmani pribadi secara sederhana (contoh: menghitung denyut nadi, menghitung kemampuan melakukan push up, menghitung ke",,
91,6,pjok,4,4.6,"Mempraktikkan rangkaian tiga pola gerak dominan (bertumpu, bergantung, keseimbangan, berpindah/lokomotor, tolakan, putaran, ayunan, melayang, dan mendarat) dengan konsisten, tepat dan terkont",,
92,6,pjok,4,4.7,Mempraktikkan penggunaan variasi dan kombinasi gerak dasar rangkaian langkah dan ayunan lengan mengikuti irama (ketukan) tanpa/dengan musik dalam aktivitas gerak berirama,,
93,6,pjok,4,4.8,Mempraktikkan keterampilan salah satu gaya renang dan dasar-dasar penyelamatan diri***,,
94,6,pjok,4,4.9,Memaparkan perlunya pemeliharaan kebersihan alat reproduksi,,
153,6,sbdp,3,3.1,memahami reklame,,
154,6,sbdp,3,3.2,memahami interval nada,,
155,6,sbdp,3,3.3,memahami penampilan tari kreasi daerah,,
156,6,sbdp,3,3.4,memahami patung,,
157,6,sbdp,4,4.1,membuat reklame,,
158,6,sbdp,4,4.2,memainkan interval nada melalui lagu dan alat musik,,
159,6,sbdp,4,4.3,menampilkan tari kreasi daerah,,
160,6,sbdp,4,4.4,membuat patung,,
161,1,pabp,1,1.17,Meyakini kebenaran kisah Nabi Muhammad saw.,,
162,1,pabp,1,1.5,"Menerima adanya Allah Swt. Maha Pengasih, Maha Penyayang, dan Maharaja.",,
163,1,pabp,2,2.17,Menunjukkan sikap jujur dan kasih sayang sebagai implementasi pemahaman kisah keteladanan Nabi Muhammad saw.,,
164,1,pabp,2,2.5,"Menunjukkan sikap kasih sayang, peduli, kerja sama, dan percaya diri sebagai implementasi pemahaman Al- asmau Al-husna: Ar-Rahman, Ar- Rahim, dan Al-Malik.",,
165,1,pabp,3,3.17,Memahami kisah keteladanan Nabi Muhammad saw.,,
166,1,pabp,3,3.5,"Memahami  makna  Al-asmau  Al-husna:  Ar-Rahman, Ar-Rahim, dan Al-Malik.",,
167,1,pabp,4,4.17,Menceritakan kisah keteladanan Nabi Muhammad saw.,,
168,1,pabp,4,4.5,"Melafalkan Al-asmau Al-husna: Ar-Rahman, Ar-Rahim, dan Al-Malik.",,
169,1,pabp,1,1.2,Terbiasa membaca Al-Qur'an dengan tartil.,,
170,1,pabp,1,1.1,Terbiasa membaca basmalah setiap memulai belajar Al Qur'an,,
171,1,pabp,2,2.2,Menunjukkan sikap kasih sayang dan peduli kepada sesama sebagai implementasi pemahaman Q.S. Al- Fatihah dan Q.S. Al-Ikhlas.,,
172,1,pabp,2,2.1,Menunjukkan  sikap  percaya  diri  dalam  melafalkan huruf-huruf hijaiah dan harakatnya.,,
173,1,pabp,3,3.2,Memahami pesan-pesan pokok Q.S. Al-Fatihah dan QS Al Ikhlas,,
174,1,pabp,3,3.1,Mengetahui huruf-huruf hijaiah dan harakatnya secara lengkap.,,
175,1,pabp,4,4.2.1,Melafalkan Q.S. Al-Fatihah dan Q.S. Al-lkhlas dengan benar dan jelas.,,
176,1,pabp,4,4.2.2,Menunjukkan   hafalan   Q.S.   Al-Fatihah   dan   Q.S. Al Ikhlas dengan benar dan jelas,,
177,1,pabp,4,4.1,Melafalkan huruf-huruf hijaiah dan harakatnya secara lengkap.,,
178,1,pabp,1,1.3,Menerima adanya Allah Swt. yang Maha Pengasih dan Maha Penyayang.,,
179,1,pabp,1,1.4,Menerima keesaan Allah Swt. berdasarkan pe- ngamatan terhadap dirinya dan makhluk ciptaan-Nya yang dijumpai di sekitar rumah dan sekolah.,,
180,1,pabp,2,2.3,Menunjukkan     perilaku     percaya     diri     sebagai implementasi pemahaman adanya Allah Swt.,,
181,1,pabp,2,2.4,Menunjukkan     perilaku     percaya     diri     sebagai implementasi pemahaman keesaan Allah Swt.,,
182,1,pabp,3,3.3,Memahami adanya Allah Swt. yang Maha Pengasih dan Maha Penyayang.,,
183,1,pabp,3,3.4,Memahami keesaan Allah Swt. berdasarkan peng- amatan terhadap dirinya dan makhluk ciptaan-Nya yang dijumpai di sekitar rumah dan sekolah.,,
184,1,pabp,4,4.3,Menunjukkan bukti-bukti adanya Allah Swt. yang Maha Pengasih dan Maha Penyayang,,
185,1,pabp,4,4.4,Menunjukkan  bukti-bukti  keesaan  Allah  Swt. berdasarkan pengamatan terhadap dirinya dan makhluk ciptaan-Nya yang dijumpai di sekitar rumah dan sekolah.,,
186,1,pabp,1,1.11,Terbiasa bersuci sebelum beribadah.,,
187,1,pabp,2,2.11,"Menunjukkan perilaku bersih badan, pakaian, barang- barang, dan tempat sebagai implementasi pemahaman makna bersuci.",,
188,1,pabp,3,3.11,Memahami tata cara bersuci.,,
189,1,pabp,4,4.11,Mempraktikkan tata cara bersuci.,,
190,1,pabp,1,1.13,Meyakini kebenaran kisah Nabi Adam a.s.,,
191,1,pabp,1,1.15,Meyakini kebenaran kisah Nabi Nuh a.s.,,
192,1,pabp,1,1.16,Meyakini kebenaran kisah Nabi Hud a.s.,,
193,1,pabp,2,2.13,Menunjukkan  sikap  pemaaf  sebagai  implementasi pemahaman kisah keteladanan Nabi Adam a.s.,,
194,1,pabp,2,2.15,Menunjukkan   sikap   kerja   keras   dan   kerja   sama sebagai implementasi pemahaman kisah keteladanan Nabi Nuh a.s.,,
195,1,pabp,2,2.16,Menunjukkan   sikap   sopan   dan   santun   sebagai implementasi  pemahaman  kisah  keteladanan  Nabi Hud a.s.,,
196,1,pabp,3,3.13,Memahami kisah keteladanan Nabi Adam a.s.,,
197,1,pabp,3,3.15,Memahami kisah keteladanan Nabi Nuh a.s.,,
198,1,pabp,3,3.16,Memahami kisah keteladanan Nabi Hud a.s.,,
199,1,pabp,4,4.13,Menceritakan kisah keteladanan Nabi Adam a.s.,,
200,1,pabp,4,4.15,Menceritakan kisah keteladanan Nabi Nuh a.s.,,
201,1,pabp,4,4.16,Menceritakan kisah keteladanan Nabi Hud a.s.,,
202,1,pabp,1,1.14,Meyakini kebenaran kisah Nabi Idris a.s.,,
203,1,pabp,1,1.7,Terbiasa berdoa sebelum dan sesudah belajar,,
204,1,pabp,2,2.14,Menunjukkan sikap semangat dan rajin belajar sebagai implementasi dari pemahaman kisah keteladanan nabi Idris a.s.,,
205,1,pabp,2,2.7,Menunjukkan sikap disiplin sebagai implementasi dari pemahaman makna doa sebelum dan sesudah belajar,,
206,1,pabp,3,3.14,Memahami kisah keteladanan Nabi Idris a.s.,,
207,1,pabp,3,3.7,Memahami makna doa sebelum dan sesudah belajar,,
208,1,pabp,4,4.14,Menceritakan kisah keteladanan Nabi Idris a.s.,,
209,1,pabp,4,4.7,melafalkan doa sebelum dan sesudah belajar dengan benar dan jelas,,
210,1,pabp,1,1.2,Terbiasa membaca Al-Qur'an dengan tartil.,,
211,1,pabp,2,2.2,Menunjukkan sikap kasih sayang dan peduli kepada sesama sebagai implementasi pemahaman Q.S. Al- Fatihah dan Q.S. Al-Ikhlas.,,
212,1,pabp,3,3.2,Memahami pesan-pesan pokok Q.S. Al-Fatihah dan QS Al Ikhlas,,
213,1,pabp,4,4.2.1,Melafalkan Q.S. Al-Fatihah dan Q.S. Al-lkhlas dengan benar dan jelas.,,
214,1,pabp,4,4.2.2,Menunjukkan   hafalan   Q.S.   Al-Fatihah   dan   Q.S. Al Ikhlas dengan benar dan jelas,,
215,1,pabp,1,1.5,"Menerima adanya Allah Swt. Maha Pengasih, Maha Penyayang, dan Maharaja.",,
216,1,pabp,1,1.6,menerima dan mengakui makna dua kalimat syahadat,,
217,1,pabp,2,2.5,"Menunjukkan sikap kasih sayang, peduli, kerja sama, dan percaya diri sebagai implementasi pemahaman Al- asmau Al-husna: Ar-Rahman, Ar- Rahim, dan Al-Malik.",,
218,1,pabp,2,2.6,menunjukkan sikap teguh pendirian sebagai implementasi dari pemahaman makna dua kalimat syahadat,,
219,1,pabp,3,3.5,"Memahami  makna  Al-asmau  Al-husna:  Ar-Rahman, Ar-Rahim, dan Al-Malik.",,
220,1,pabp,3,3.6,memahami makna dua kalimat syahadat,,
221,1,pabp,4,4.5,"Melafalkan Al-asmau Al-husna: Ar-Rahman, Ar-Rahim, dan Al-Malik.",,
222,1,pabp,4,4.6,melafalkan dua kalimat syahadat dengan benar dan jelas,,
223,1,pabp,1,1.12,Menjalankan shalat dengan tertib,,
224,1,pabp,2,2.12,Menunjukkan sikap disiplin sebagai implementasi dari pemahaman shalat dan kegiatan agama yang dianutnya di sekitar rumahnya melalui pengamatan,,
225,1,pabp,3,3.12,Memahami shalat dan kegiatan agama di sekitar rumahnya melalui pengamatan,,
226,1,pabp,4,4.12.1,Mempraktekkan shalat dan kegiatan agama di sekitar rumahnya melalui pengamatan,,
227,1,pabp,4,4.12.2,Mencontohkan kegiatan agama di sekitar rumahnya,,
228,1,pabp,1,1.9,"Meyakini bahwa berkata yang baik, sopan dan santun sebagai cerminan dari iman",,
229,1,pabp,1,1.8,Meyakini bahwa perilaku hormat dan patuh kepada orang tua dan guru sebagai cerminan dari iman,,
230,1,pabp,1,1.10,"Meyakini bahwa bersyukur, pemaaf, jujur dan percaya diri sebagai cerminan dari iman",,
231,1,pabp,2,2.9,"Menunjukkan sikap yang baik, sopan, dan santun ketika berbicara",,
232,1,pabp,2,2.8,Menunjukkan perilaku hormat dan patuh kepada orang tua dan guru,,
233,1,pabp,2,2.10,"Menunjukkan perilaku bersyukur, pemaaf, jujur dan percaya diri ",,
234,1,pabp,3,3.9,"Memahami berkata yang baik, sopan dan santun",,
235,1,pabp,3,3.8,Memahami perilaku hormat  dan patuh kepada orang tua dan guru,,
236,1,pabp,3,3.10,"memahami makna bersyukur, pemaaf, jujur dan percaya diri",,
237,1,pabp,4,4.8,Mencontohkan perilaku hormat dan patuh kepada orang tua dan guru,,
238,1,pabp,4,4.9,"Mencontohkan cara berkata yang baik, sopan dan santun",,
239,1,pabp,4,4.10,"Mencontohkan perilaku bersyukur, pemaaf, jujur dan percaya diri",,
319,2,pabp,1,1.15,Meyakini kebenaran kisah Nabi Muhammad saw.,,
320,2,pabp,2,2.15,Menunjukkan sikap jujur dan kasih sayang sebagai implementasi pemahaman kisah keteladanan Nabi Muhammad saw.,,
321,2,pabp,3,3.15,Memahami kisah keteladanan Nabi Muhammad saw.,,
322,2,pabp,4,4.15,Menceritakan kisah keteladanan Nabi Muhammad saw.,,
323,2,pabp,1,1.1,Terbiasa membaca basmalah setiap memulai belajar Al-Qur'an.,,
324,2,pabp,1,1.2, Terbiasa membaca Al-Qur'an dengan tartil.,,
325,2,pabp,2,2.1, Menunjukkan sikap percaya diri dalam melafalkan huruf hijaiah bersambung.,,
326,2,pabp,2,2.2,Menunjukkan sikap berlindung diri kepada Allah Swt. dan saling menasihati sebagai implementasi pemahaman makna Q.S. An-Nas dan Q.S. Al-'Asr.,,
327,2,pabp,3,3.1,Mengetahui huruf hijaiah bersambung sesuai dengan makhrajul huruf.,,
328,2,pabp,3,3.2,Memahami pesan-pesan pokok Q.S. An-Nas dan Q.S. Al-'Asr.,,
329,2,pabp,4,4.1,Melafalkan huruf hijaiah bersambung sesuai dengan makhrajul huruf.,,
330,2,pabp,4,4.2.1,Melafalkan Q.S. An-Nas dan Q.S. Al-'Asr dengan benar dan jelas.,,
331,2,pabp,4,4.2.2,Menunjukkan hafalan Q.S. An Nas dan Q.S. Al-'Asr dengan benar dan jelas.,,
332,2,pabp,1,1.5,"Menerima adanya Allah Swt.Yang Mahasuci, Maha Pemberi Keselamatan, dan Maha Pencipta.",,
333,2,pabp,2,2.5,"Menunjukkan perilaku rendah hati, damai, dan bersyukur sebagai implementasi pemahaman makna al-asmaual-husna: Al-Quddus, As-Salam, dan Al-Khaliq.",,
334,2,pabp,3,3.5,"Memahami makna al-asmaual-husna: Al-Quddus, As-Salam, dan Al-Khaliq.",,
335,2,pabp,4,4.5,"Melafalkan al-asmau al-husna: Al-Quddus, As-Salam, dan Al-Khaliq",,
336,2,pabp,1,1.8,Meyakini bahwa sikap kerja sama dan tolong-menolong sebagai cerminan dari iman.,,
337,2,pabp,2,2.8,Menunjukkan sikap kerja sama dan tolong-menolong.,,
338,2,pabp,3,3.8,Memahami sikap kerja sama dan tolong-menolong.,,
339,2,pabp,4,4.8,Mencontohkan sikap kerja sama dan tolong-menolong.,,
340,2,pabp,1,1.4,Meyakini hadis yang terkait dengan perilaku hidup bersih dan sehat.,,
341,2,pabp,2,2.4,Menunjukkan perilaku hidup bersih dan sehat sebagai implementasi dari pemahaman hadis yang terkait dengan perilaku hidup bersih dan sehat.,,
342,2,pabp,3,3.4,Memahami hadis yang terkait dengan perilaku hidup bersih dan sehat.,,
343,2,pabp,4,4.4,Menunjukkan perilaku hidup bersih dan sehat sebagai implementasi dari pemahaman makna hadis tentang kebersihan dan kesehatan.,,
344,2,pabp,1,1.9,Terbiasa berdoa sebelum dan sesudah wudu.,,
345,2,pabp,2,2.9,Menunjukkan perilaku hidup sehat dan peduli lingkungan sebagai implementasi pemahaman doa sebelum dan sesudah wudu.,,
346,2,pabp,3,3.9,Memahami doa sebelum dan sesudah wudu.,,
347,2,pabp,4,4.9,Mempraktikkan wudu dan doanya dengan tertib dan benar.,,
348,2,pabp,1,1.3,Meyakini hadis yang terkait dengan anjuran menuntut ilmu.,,
349,2,pabp,1,1.11,Meyakini kebenaran kisah Nabi Shaleh a.s.,,
350,2,pabp,2,2.3,Menunjukkan sikap berani bertanya sebagai implementasi pemahaman hadis yang terkait dengan anjuran menuntut ilmu.,,
351,2,pabp,2,2.11,Menunjukkan sikap berani bertanya sebagai implementasi pemahaman kisah keteladanan Nabi Saleh a.s.,,
352,2,pabp,3,3.3,Memahami hadis yang terkait dengan anjuran menuntut ilmu.,,
353,2,pabp,3,3.11,Memahami kisah keteladanan Nabi Shaleh a.s,,
354,2,pabp,4,4.3,Menunjukkan perilaku rajin belajar sebagai implementasi pemahaman makna hadis yang terkait dengan anjuran menuntut ilmu.,,
355,2,pabp,4,4.11,Menceritakan kisah keteladanan Nabi Shaleh a.s.,,
356,2,pabp,1,1.2,Terbiasa membaca Al-Qur'an dengan tartil.,,
357,2,pabp,1,1.12,Meyakini kebenaran kisah Nabi Luth a.s,,
358,2,pabp,2,2.2,Menunjukkan sikap berlindung diri kepada Allah Swt. dan saling menasihati sebagai implementasi pemahaman makna Q.S. An-Nas dan Q.S. Al-'Asr.,,
359,2,pabp,2,2.12,Menunjukkan perilaku kerja keras sebagai implementasi pemahaman kisah keteladanan Nabi Luth a.s.,,
360,2,pabp,3,3.2,Memahami pesan-pesan pokok QS An Nas dan QS Al 'Asr,,
361,2,pabp,3,3.12,Memahami kisah keteladanan Nabi Luth a.s,,
362,2,pabp,4,4.2.1,Melafalkan Q.S. An-Nas dan Q.S. Al-'Asr dengan benar dan jelas.,,
363,2,pabp,4,4.2.2,Menunjukkan hafalan Q.S. An- Nas dan Q.S. Al-'Asr dengan benar dan jelas.,,
364,2,pabp,4,4.12,Menceritakan kisah keteladanan Nabi Luth a.s.,,
365,2,pabp,1,1.5,"Menerima adanya Allah Swt. Yang Mahasuci, Maha Pemberi Keselamatan, dan Maha Pencipta.",,
366,2,pabp,2,2.5,"Menunjukkan perilaku rendah hati, damai, dan bersyukur sebagai implementasi pemahaman makna al-asmau al-husna: Al-Quddus, As-Salam, dan Al-Khaliq.",,
367,2,pabp,3,3.5,"Memahami makna al-asmau al-husna: Al-Quddus, As-Salam, dan Al-Khaliq.",,
368,2,pabp,4,4.5,"Melafalkan al-asmau al-husna: Al-Quddus, As-Salam, dan Al- Khaliq.",,
369,2,pabp,1,1.7,Meyakini bahwa perilaku kasih sayang kepada sesama sebagai cerminan dari iman.,,
370,2,pabp,1,1.14,Meyakini kebenaran kisah Nabi Yaqub a.s,,
371,2,pabp,2,2.7,Menunjukkan perilaku kasih sayang kepada sesama.,,
372,2,pabp,2,2.14,Menunjukkan perilaku kasih sayang sebagai implementasi pemahaman kisah keteladanan Nabi Yakub a.s.,,
373,2,pabp,3,3.7,Memahami perilaku kasih sayang kepada sesama.,,
374,2,pabp,3,3.14,Memahami kisah keteladanan Nabi Yakub a.s.,,
375,2,pabp,4,4.7,Mencontohkan perilaku kasih sayang kepada sesama.,,
376,2,pabp,4,4.14,Menceritakan kisah keteladanan Nabi Yakub a.s.,,
377,2,pabp,1,1.10,Menjalankan shalat dengan tertib.,,
378,2,pabp,2,2.10,Menunjukkan sikap disiplin sebagai implementasi pemahaman tata cara shalat dan bacaannya.,,
379,2,pabp,3,3.10,Memahami tata cara shalat dan bacaannya.,,
380,2,pabp,4,4.10,Mempraktikkan shalat dengan tata cara dan bacaan yang benar.,,
381,2,pabp,1,1.5,"Menerima adanya Allah Swt.Yang Mahasuci, Maha Pemberi Keselamatan, dan Maha Pencipta.",,
382,2,pabp,1,1.13,Meyakini kebenaran kisah Nabi lshaq a.s.,,
383,2,pabp,2,2.5,"Menunjukkan perilaku rendah hati, damai, dan bersyukur sebagai implementasi pemahaman makna al-asmaual-husna: Al-Quddus, As-Salam, dan Al-Khaliq.",,
384,2,pabp,2,2.13,Menunjukkan sikap damai sebagai implementasi pemahaman kisah keteladanan Nabi lshaq a.s.,,
385,2,pabp,3,3.5,"Memahami makna al-asmau al-husna: Al-Quddus, As-Salam, dan Al-Khaliq.",,
386,2,pabp,3,3.13,Memahami kisah keteladanan Nabi lshaq a.s.,,
387,2,pabp,4,4.5,"Melafalkan al-asmau al-husna: Al-Quddus, As-Salam, dan Al Khaliq",,
388,2,pabp,4,4.13,Menceritakan kisah keteladanan Nabi lshaq a.s.,,
389,3,pabp,1,1.2,"Meyakini hadis yang terkait dengan perilaku mandiri, percaya diri, dan bertanggung jawab.",,
390,3,pabp,2,2.2,"Menunjukkan perilaku mandiri, percaya diri, dan bertanggung jawab.",,
391,3,pabp,3,3.2,"Memahami hadis yang terkait dengan perilaku mandiri, percaya diri, dan bertanggung jawab.",,
392,3,pabp,4,4.2,"Mencontohkan perilaku mandiri, percaya diri, dan bertanggung jawab sebagai implementasi makna hadis yang terkandung.",,
393,3,pabp,1,1.1,Terbiasa membaca Alquran dengan tartil.,,
394,3,pabp,2,2.1,Menunjukkan sikap peduli terhadap sesama sebagai implementasi pemahaman Q.S. An-Nasr dan Q.S. Al-Kausar.,,
395,3,pabp,3,3.1,Memahami makna Q.S. An-Nasr dan Q.S. Al-Kausar.,,
396,3,pabp,4,4.1.1,Membaca kalimat-kalimat dalam Q.S. An-Nasr dan Q.S. Al-Kausar dengan benar.,,
397,3,pabp,4,4.1.2,Menuliskan kalimat-kalimat dalam Q.S. An-Nasr dan Q.S. Al-Kausar dengan benar.,,
398,3,pabp,4,4.1.3,Menunjukkan hafalan Q.S.An-Nasr dan Q.S. Al-Kausar dengan lancar.,,
399,3,pabp,1,1.3,Meyakini keesaan Allah Swt. Yang Maha Pencipta berdasarkan pengamatan terhadap dirinya dan makhluk ciptaanNya yang dijumpai di sekitar rumah dan sekolah.,,
400,3,pabp,1,1.4,"Meyakini adanya Allah Swt. Yang Maha Pemberi, Maha Mengetahui, dan Maha Mendengar.",,
401,3,pabp,2,2.3,Menunjukkan sikap kerja sama sebagai implementasi pemahaman keesaan Allah Swt.,,
402,3,pabp,2,2.4,"Menunjukkan sikap peduli, berbuat baik, dan berhati-hati sebagai implementasi pemahaman al asmau al-husna: Al-Wahhab, Al-‘Alim, dan As-Sami’.",,
403,3,pabp,3,3.3,Memahami keesaan Allah Yang Maha Pencipta berdasarkan pengamatan terhadap dirinya dan makhluk ciptaan-Nya yang dijumpainya di sekitar rumah dan sekolah.,,
404,3,pabp,3,3.4,"Memahami makna al-asmau al husna: Al-Wahhab, Al-‘Alim, dan As-Sami’.",,
405,3,pabp,4,4.3,Melakukan pengamatan terhadap diri dan makhluk ciptaan Allah yang dijumpainya di sekitar rumah dan sekolah sebagai implementasi iman terhadap keesaan Allah Yang Maha Pencipta.,,
406,3,pabp,4,4.4,"Membaca al-asmau al-husna: Al-Wahhab, Al-‘Alim, dan As-Sami’ dengan jelas dan benar.",,
407,3,pabp,1,1.5,"Meyakini bahwa perilaku tawaduk, ikhlas, dan mohon pertolongan sebagai cerminan dari iman.",,
408,3,pabp,2,2.5,"Menunjukkan perilaku tawaduk, ikhlas, dan mohon pertolongan.",,
409,3,pabp,3,3.5,"Memahami perilaku tawaduk, ikhlas, dan mohon pertolongan.",,
410,3,pabp,4,4.5,"Mencontohkan perilaku tawaduk, ikhlas, dan mohon pertolongan.",,
411,3,pabp,1,1.8,Menjalankan shalat dengan tertib.,,
412,3,pabp,1,1.10,Menjalankan ibadah shalat dengan tertib.,,
413,3,pabp,2,2.8,Menunjukkan sikap hidup tertib sebagai implementasi pemahaman makna ibadah shalat.,,
414,3,pabp,2,2.10,Menunjukkan perilaku kerja sama sebagai implementasi pemahaman hikmah ibadah shalat.,,
415,3,pabp,3,3.8,Memahami makna shalat sebagai wujud dari pemahaman Q.S. Al-Kau ar.,,
416,3,pabp,3,3.10,Memahami hikmah ibadah shalat melalui pengamatandan pengalaman di rumah dan sekolah.,,
417,3,pabp,4,4.8,Menunjukkan contoh makna shalat sebagai wujud dari pemahaman Q.S. Al-Kau ar.,,
418,3,pabp,4,4.10,Menceritakan pengalaman hikmah pelaksanaan ibadah shalat di rumah dan sekolah.,,
419,3,pabp,1,1.11,Meyakini kebenaran kisah NabiYusuf a.s.,,
420,3,pabp,1,1.12,Meyakini kebenaran kisah Nabi Syuaib a.s.,,
421,3,pabp,2,2.11,Menunjukkan sikap pemaaf sebagai implementasi pemahaman kisah Nabi Yusuf a.s.,,
422,3,pabp,2,2.12,Menunjukkan sikap jujur sebagai implementasi pemahaman kisah keteladanan Nabi Syuaib a.s.,,
423,3,pabp,3,3.11,Memahami kisah keteladanan Nabi Yusuf a.s.,,
424,3,pabp,3,3.12,Memahami kisah keteladanan Nabi Syuaib a.s.,,
425,3,pabp,4,4.11,Menceritakan kisah keteladanan Nabi Yusuf a.s.,,
426,3,pabp,4,4.12,Menceritakan kisah keteladanan Nabi Syuaib a.s.,,
427,3,pabp,1,1.5," Meyakini bahwa perilaku tawaduk, ikhlas, dan mohon pertolongan sebagai cerminan dari iman.",,
428,3,pabp,2,2.5," Menunjukkan perilaku tawaduk, ikhlas, dan mohon pertolongan.",,
429,3,pabp,3,3.5," Memahami perilaku tawaduk, ikhlas, dan mohon pertolongan.",,
430,3,pabp,4,4.5," Mencontohkan perilaku tawaduk, ikhlas, dan mohon pertolongan.",,
431,3,pabp,1,1.1,Terbiasa membaca Alquran dengan tartil.,,
432,3,pabp,2,2.1,Menunjukkan sikap peduli terhadap sesama sebagai implementasi pemahaman Q.S. An-Nasr dan Q.S. Al-Kausar.,,
433,3,pabp,3,3.1,Memahami makna Q.S. An-Nasr dan Q.S. Al-Kausar.,,
434,3,pabp,4,4.1.1,Membaca kalimat-kalimat dalam Q.S. An-Nasr dan Q.S. Al-Kausar dengan benar.,,
435,3,pabp,4,4.1.2,Menuliskan kalimat-kalimat dalam Q.S. An-Nasr dan Q.S. Al-Kausar dengan benar.,,
436,3,pabp,4,4.1.3,Menunjukkan hafalan Q.S.An-Nasr dan Q.S. Al-Kausar dengan lancar.,,
437,3,pabp,1,1.4,"Meyakini adanya Allah Swt. Yang Maha Pemberi, Maha Mengetahui, dan Maha Mendengar.",,
438,3,pabp,2,2.4,"Menunjukkan sikap peduli, berbuat baik, dan berhati-hati sebagai implementasi pemahaman al asmau al-husna: Al-Wahhab,Al-‘Alim, dan As-Sami’.",,
439,3,pabp,3,3.4,"Memahami makna al-asmau al- husna: Al-Wahhab, Al-‘Alim, dan As-Sami’.",,
440,3,pabp,4,4.4,"Membaca al-asmau al-husna: Al Wahhab, Al-‘Alim, dan As-Sami’ dengan jelas dan benar.",,
441,3,pabp,1,1.7,Menerima dan mensyukuri nikmat Allah Swt. yang diberikan kepada makhluknya.,,
442,3,pabp,2,2.7,Menunjukkan sikap bersyukur.,,
443,3,pabp,3,3.7,Memahami sikap bersyukur.,,
444,3,pabp,4,4.7,Mencontohkan sikap bersyukur.,,
445,3,pabp,1,1.9,Menerima makna zikir dan doa setelah shalat sebagai wujud berserah diri kepada Allah Swt.,,
446,3,pabp,2,2.9,Menunjukkan sikap rendah hati sebagai implementasi pemahaman makna zikir dan doa setelah shalat.,,
447,3,pabp,3,3.9,Memahami makna zikir dan doa setelah shalat.,,
448,3,pabp,4,4.9,Mempraktikkan tata cara zikir dan doa setelah shalat di rumah dan sekolah.,,
449,3,pabp,1,1.13,Meyakini kebenaran Nabi Ibrahim a.s. dan Nabi Ismail a.s.,,
450,3,pabp,2,2.13,"Menunjukkan sikap rasa ingin tahu, sabar, rela berkorban, hormat dan patuh kepada orang tua sebagai implementasi pemahaman kisah keteladanan Nabi Ibrahim a.s. dan Nabi Ismail a.s.",,
451,3,pabp,3,3.13,Memahami kisah keteladanan Nabi Ibrahim a.s. dan Nabi Ismail a.s.,,
452,3,pabp,4,4.13,Menceritakan kisah keteladanan Nabi Ibrahim a.s. dan Nabi Ismail a.s,,
453,4,pabp,1,1.1,Terbiasa membaca Al-Qur'an dengan tartil.,,
454,4,pabp,2,2.1,Menunjukkan sikap kerja sama dan peduli sebagai implementasi pemahaman makna Q.S. Al-Falaq dan Q.S. Al-Fil.,,
455,4,pabp,3,3.1,Memahami Q.S. Al-Falaq dan Q.S. Al-Fil dengan baik dan benar.,,
456,4,pabp,4,4.1.1,Membaca Q.S. Al-Falaq dan Q.S. Al-Fil dengan tartil.,,
457,4,pabp,4,4.1.2,Menulis kalimat-kalimat dalam Q.S. Al-Falaq dan Q.S. Al Fil dengan benar,,
458,4,pabp,4,4.1.3,Menunjukkan  hafalan Q.S. Al-Falaq dan Q.S. Al-Fil dengan lancar.,,
459,4,pabp,1,1.2,Meyakini Allah Swt. itu ada melalui pengamatan ter- hadap makhluk ciptaan-Nya di sekitar rumah dan sekolah.,,
460,4,pabp,1,1.3,"Meyakini adanya Allah Swt. Yang Maha Melihat, Maha- adil, dan Mahaagung.",,
461,4,pabp,1,1.5,Meyakini adanya rasul-rasul Allah Swt.,,
462,4,pabp,2,2.2,Menunjukkan sikap percaya diri sebagai implementasi pemahaman Allah Swt. itu ada.,,
463,4,pabp,2,2.3,"Menunjukkan sikap hati-hati, hormat, dan kerja sama sebagai implementasi pemahaman makna al-asmau al-husna: Al-Basir, Al-'Adl, dan Al-'Azim.",,
464,4,pabp,2,2.5,Menunjukkan sikap yang dipengaruhi oleh keimanan kepada para rasul Allah Swt. yang tecermin dari perilaku kehidupan sehari-hari.,,
465,4,pabp,3,3.2,Memahami Allah Swt. itu ada melalui pengamatan terhadap makhluk ciptaan-Nya di sekitar rumah dan sekolah.,,
466,4,pabp,3,3.3,"Memahami  makna  al-asmau  al-husna:  Al-Basir,  Al-'Adl dan 'Al 'Azim",,
467,4,pabp,3,3.5,Memahami makna iman kepada rasul Allah Swt.,,
468,4,pabp,4,4.2,Melakukan pengamatan terhadap makhluk ciptaan Allah Swt. di sekitar rumah dan sekolah sebagai upaya mengenal Allah Swt. itu ada.,,
469,4,pabp,4,4.3,"Membaca al-asmau al-husna: Al-Basir, Al-'Adl, dan Al-'Azim dengan jelas dan benar",,
470,4,pabp,4,4.5,Mencontohkan makna iman kepada rasul Allah Swt.,,
471,4,pabp,1,1.6,Meyakini bahwa sikap santun dan menghargai teman sebagai cerminan dari iman.,,
472,4,pabp,1,1.9,Meyakini bahwa perilaku jujur sebagai cerminan dari iman.,,
473,4,pabp,1,1.10,Meyakini bahwa perilaku amanah sebagai cerminan dari iman.,,
474,4,pabp,1,1.11,Meyakini  bahwa  perilaku  hormat  dan  patuh  kepada orang tua dan guru sebagai cerminan dari iman.,,
475,4,pabp,1,1.20,Meyakini kebenaran kisah Nabi Muhammad saw.,,
476,4,pabp,2,2.6,Menunjukkan sikap santun dan menghargai teman.,,
477,4,pabp,2,2.9,Menunjukkan  perilaku jujur dalam kehidupan  sehari- hari.,,
478,4,pabp,2,2.10,Menunjukkan   perilaku   amanah   dalam   kehidupan sehari-hari.,,
479,4,pabp,2,2.11,Menunjukkan perilaku hormat dan patuh kepada orang tua dan guru.,,
480,4,pabp,2,2.20,"Menunjukkan  sikap  santun  dan  menghargai  teman, baik di rumah, sekolah, dan di masyarakat sekitar sebagai implementasi pemahaman kisah keteladanan Nabi Muhammad saw.",,
481,4,pabp,3,3.6,"Memahami sikap santun dan menghargai teman, baik di rumah, sekolah, maupun di masyarakat sekitar.",,
482,4,pabp,3,3.9,Memahami  makna  perilaku  jujur  dalam  kehidupan sehari-hari.,,
483,4,pabp,3,3.10,Memahami makna perilaku amanah dalam kehidupan sehari-hari.,,
484,4,pabp,3,3.11,Memahami makna perilaku hormat dan patuh kepada orang tua dan guru.,,
485,4,pabp,3,3.20,Memahami kisah keteladanan Nabi Muhammad saw.,,
486,4,pabp,4,4.6,"Mencontohkan sikap santun dan menghargai teman, baik di rumah, sekolah, maupun di masyarakat sekitar.",,
487,4,pabp,4,4.9,Mencontohkan perilaku jujur dalam kehidupan sehari- hari.,,
488,4,pabp,4,4.10,Mencontohkan  perilaku  amanah  dalam  kehidupan sehari-hari.,,
489,4,pabp,4,4.11,Mencontohkan  perilaku  hormat  dan  patuh  kepada orang tua dan guru.,,
490,4,pabp,4,4.20,Menceritakan  kisah  keteladanan  Nabi  Muhammad saw.,,
491,4,pabp,1,1.14,Menerapkan  ketentuan  syariat  Islam  dalam  bersuci dari hadas kecil.,,
492,4,pabp,2,2.14,Menunjukkan  perilaku  bersih  sebagai  implementasi pemahaman tata cara bersuci dari hadas kecil.,,
493,4,pabp,3,3.14,Memahami tata cara bersuci dari hadas kecil sesuai ketentuan syariat Islam.,,
494,4,pabp,4,4.14,Mempraktikkan  tata  cara  bersuci  dari  hadas  kecil sesuai ketentuan syariat Islam.,,
495,4,pabp,1,1.16,Meyakini kebenaran kisah Nabi Ayyub a.s.,,
496,4,pabp,1,1.17,Meyakini kebenaran kisah Nabi Zulkiﬂi a.s.,,
497,4,pabp,1,1.18,Meyakini kebenaran kisah Nabi Harun a.s.,,
498,4,pabp,1,1.19,Meyakini kebenaran kisah Nabi Musa a.s.,,
499,4,pabp,2,2.16,Menunjukkan   sikap   sabar   sebagai   implementasi pemahaman kisah keteladanan Nabi Ayyub a.s.,,
500,4,pabp,2,2.17,Menunjukkan sikap rendah hati sebagai implementasi pemahaman kisah keteladanan Nabi Zulkiﬂi a.s.,,
501,4,pabp,2,2.18,Menunjukkan perilaku kasih sayang sebagai implementasi pemahaman kisah keteladanan Nabi Harun a.s.,,
502,4,pabp,2,2.19,Menunjukkan    sikap    berani   dan    sikap   pantang menyerah sebagai implementasi pemahaman kisah keteladanan Nabi Musa a.s.,,
503,4,pabp,3,3.16,Memahami kisah keteladanan Nabi Ayyub a.s.,,
504,4,pabp,3,3.17,Memahami kisah keteladanan Nabi Zulkiﬂi a.s.,,
505,4,pabp,3,3.18,Memahami kisah keteladanan Nabi Harun a.s.,,
506,4,pabp,3,3.19,Memahami kisah keteladanan Nabi Musa a.s.,,
507,4,pabp,4,4.16,Menceritakan kisah keteladanan Nabi Ayyub a.s.,,
508,4,pabp,4,4.17,Menceritakan kisah keteladanan Nabi Zulkiﬂi a.s.,,
509,4,pabp,4,4.18,Menceritakan kisah keteladanan Nabi Harun a.s.,,
510,4,pabp,4,4.19,Menceritakan kisah keteladanan Nabi Musa a.s.,,
511,4,pabp,1,1.1,Terbiasa membaca Al-Qur'an dengan tartil.,,
512,4,pabp,2,2.1,Menunjukkan sikap kerja sama dan peduli sebagai implementasi pemahaman makna Q.S. Al-Falaq dan Q.S. Al-Fil.,,
513,4,pabp,3,3.1,Memahami Q.S. Al-Falaq dan Q.S. Al-Fil dengan baik dan benar.,,
514,4,pabp,4,4.1.1,Membaca Q.S. Al-Falaq dan Q.S. Al-Fil dengan tartil.,,
515,4,pabp,4,4.1.2,Menulis kalimat-kalimat dalam Q.S. Al-Falaq dan Q.S. Al Fil dengan benar,,
516,4,pabp,4,4.1.3,Menunjukkan  hafalan Q.S. Al-Falaq dan Q.S. Al-Fil dengan lancar.,,
517,4,pabp,1,1.4,Meyakini keberadaan malaikat-malaikat Allah SWT,,
518,4,pabp,2,2.4,Menunjukkan sikap patuh sebagai implementasi dari pemahaman makna iman kepada malaikat-malaikat Allah,,
519,4,pabp,3,3.4,Memahami makna iman kepada malaikat-malaikat Allah berdasarkan pengamatan terhadap dirinya dan alam sekitar,,
520,4,pabp,4,4.4,Melakuakn pengamatan diri dan alam sekitar sebagai implementasi makna iman kepada malaikat-malaikat Allah,,
521,4,pabp,1,1.7,Meyakini bahwa sikap rendah hati sebagai cerminan dari iman,,
522,4,pabp,1,1.8,Meyakini bahwa perilaku hemat sebagai cerminan dari iman,,
523,4,pabp,1,1.12,Meyakini bahwa perilaku gemar membaca  sebagai cerminan dari iman,,
524,4,pabp,1,1.13,Meyakini bahwa sikap pantang menyerah sebagai cerminan dari iman,,
525,4,pabp,2,2.7,Menunjukkan sikap rendah hati,,
526,4,pabp,2,2.8,Menunjukkan sikap hemat,,
527,4,pabp,2,2.12,Menunjukkan sikap gemar membaca,,
528,4,pabp,2,2.13,Menunjukkan sikap pantang menyerah,,
529,4,pabp,3,3.7,Memahami sikap rendah hati,,
530,4,pabp,3,3.8,Memahami sikap hemat,,
531,4,pabp,3,3.12,Memahami sikap gemar membaca,,
532,4,pabp,3,3.13,Memahami sikap pantang menyerah,,
533,4,pabp,4,4.7,Mencontohkan sikap rendah hati,,
534,4,pabp,4,4.8,Mencontohkan sikap hemat,,
535,4,pabp,4,4.12,Mencontohkan sikap gemar membaca,,
536,4,pabp,4,4.13,Mencontohkan sikap pantang menyerah,,
537,4,pabp,1,1.15,Menjalankan salat dengan tertib,,
538,4,pabp,2,2.15,Menunjukkan sikap disiplin sebagai implementasi dari pemahaman makna ibadah salat,,
539,4,pabp,3,3.15,memahami makna ibadah salat,,
540,4,pabp,4,4.15.1,Menunjukkan contoh makna ibadah salat,,
541,4,pabp,4,4.15.2,menceritakan pengalaman melaksanakan salat di rumah dan masjid lingkungan sekitar rumah,,
542,4,pabp,1,1.21,Meyakini keimanan Wali Songo kepada Allah SWT,,
543,4,pabp,2,2.21,Menunjukkan perlaku peduli dan rendah hati sebagai implementasi dari pemahaman kisah keteladanan Wali Songo,,
544,4,pabp,3,3.21,Memahami kisah keteladanan Wali Songo,,
545,4,pabp,4,4.21,Menceritakan kisah keteladanan Wali Songo,,
546,5,pabp,1,1.1,Terbiasa membaca Al-Qur'an dengan tartil.,,
547,5,pabp,2,2.1,"Menunjukkan perilaku toleran, simpati, waspada, berbaik sangka, dan hidup rukun sebagai implementasi pemahamanQ.S. Al-Kafirun, Q.S. Al-Maidah, 5: 2-3, dan Q.S. Al-Hujurat, 49: 12-13.",,
548,5,pabp,3,3.1,"Memahami makna Q.S. Al-Kafirun, Q.S. Al-Maidah, 5: 2-3, dan Q.S. Al-Hujurat, 49: 12-13 dengan benar.",,
549,5,pabp,4,4.1.1,"Membaca Q.S. Al-Kafirun, Q.S. Al-Maidah 5: 2-3, dan Q.S. Al-Hujurat, 49: 12-13 dengan jelas dan benar.",,
550,5,pabp,4,4.1.2,"Menulis Q.S. Al-Kafirun, Q.S. Al-Maidah, 5: 2-3, dan Q.S. Al- Hujurat, 49: 12-13 dengan benar.",,
551,5,pabp,4,4.1.3,"Menunjukkan hafalan Q.S. Al-Kafirun, Q.S. Al-Maidah, 5: 2-3, dan Q.S. Al-Hujurat, 49: 12-13 dengan benar.",,
552,5,pabp,1,1.3,Meyakini adanya hari akhir sebagai implementasi pemahaman rukun iman.,,
553,5,pabp,2,2.3,Menunjukkan perilaku rendah hati yang mencerminkan iman kepada hari akhir,,
554,5,pabp,3,3.3,Memahami hikmah beriman kepada hari akhir yang dapat membentuk perilaku akhlak mulia.,,
555,5,pabp,4,4.3,Menunjukkan contoh hikmah beriman kepada hari akhir yang dapat membentuk perilaku akhlak mulia.,,
556,5,pabp,1,1.2,"Meyakini adanya Allah Swt. tempat meminta, Maha Berkuasa, Maha Mendahulukan, dan Mahakekal.",,
557,5,pabp,2,2.2,"Menunjukkan sikap peduli sebagai implementasi pemahaman makna al-asmaul al-husna: As- S amad, Al-Muqtadir, Al-Muqqadim, dan Al- Baqi.",,
558,5,pabp,3,3.2,"Memahami makna al-asmaul al- husna: As- S amad, Al-Muqtadir, Al-Muqqadim, dan Al-Baqi.",,
559,5,pabp,4,4.2,"Membaca al-asmaul al-husna: As- S amad, A-Muqtadir, Al-Muqqadim, dan Al-Baqi dengan jelas dan benar.",,
560,5,pabp,1,1.7,Menjalankan kewajiban berzakat sebagai implementasi pemahaman rukun Islam.,,
561,5,pabp,2,2.7,"Menunjukkan sikap peduli sebagai implementasi pemahaman hikmah zakat, infak, dan sedekah sebagai implementasi rukun Islam.",,
562,5,pabp,3,3.7,"Memahami hikmah zakat, infak,dan sedekah sebagai implementasi rukun Islam.",,
563,5,pabp,4,4.7,"Menunjukkan hikmah zakat, infak,dan sedekah sebagai implementasi rukun Islam.",,
564,5,pabp,1,1.12,Meyakini kebenaran kisah Nabi Muhammad saw.,,
565,5,pabp,1,1.13,Meyakini kebenaran kisah sahabat- sahabat Nabi Muhammad saw.,,
566,5,pabp,2,2.12,Menunjukkan sikap semangat dalam belajar sebagai implementasi pemahaman kisah keteladanan Nabi Muhammad saw.,,
567,5,pabp,2,2.13,Menunjukkan sikap peduli sebagai implementasi pemaham- an kisah keteladanan sahabat- sahabat Nabi Muhammad saw.,,
568,5,pabp,3,3.12,Memahami kisah Nabi Muhammad saw.,,
569,5,pabp,3,3.13,Memahami kisah keteladanan sahabat-sahabat Nabi Muhammad saw.,,
570,5,pabp,4,4.12,Menceritakan kisah keteladanan Nabi Muhammad saw.,,
571,5,pabp,4,4.13,Menceritakan kisah keteladanan sahabat-sahabat Nabi Muhammad saw.,,
572,5,pabp,1,1.1,Terbiasa membaca Al-Qur'an dengan tartil.,,
573,5,pabp,2,2.1,"Menunjukkan perilaku toleran, simpati, waspada, berbaik sangka, dan hidup rukun sebagai implementasi pemahamanQ.S. Al-Kafirun, Q.S. Al-Maidah, 5: 2-3, dan Q.S. Al-Hujurat, 49: 12-13.",,
574,5,pabp,3,3.1,"Memahami makna Q.S. Al-Kafirun, Q.S. Al-Maidah, 5: 2-3, dan Q.S. Al-Hujurat, 49: 12-13 dengan benar.",,
575,5,pabp,4,4.1.1,"Membaca Q.S. Al-Kafirun, Q.S. Al-Maidah 5: 2-3, dan Q.S. Al-Hujurat, 49: 12-13 dengan jelas dan benar.",,
576,5,pabp,4,4.1.2,"Menulis Q.S. Al-Kafirun, Q.S. Al-Maidah, 5: 2-3, dan Q.S. Al- Hujurat, 49: 12-13 dengan benar.",,
577,5,pabp,4,4.1.3,"Menunjukkan hafalan Q.S. Al-Kafirun, Q.S. Al-Maidah, 5: 2-3, dan Q.S. Al-Hujurat, 49: 12-13 dengan benar.",,
578,5,pabp,1,1.4,Meyakini adanya qada dan qadar.,,
579,5,pabp,2,2.4,Menunjukkan perilaku berserah diri kepada Allah Swt. yang mencerminkan iman kepada qada dan qadar.,,
580,5,pabp,3,3.4,Memahami hikmah beriman kepada qada dan qadar yang dapat membentuk perilaku akhlak mulia.,,
581,5,pabp,4,4.4,Menunjukkan hikmah beriman kepada qada dan qadar yang dapat membentuk perilaku akhlak mulia.,,
582,5,pabp,1,1.5,"Meyakini bahwa perilaku hormat dan patuh kepada orang tua, guru, dan sesama anggota keluarga sebagai cerminan dari iman.",,
583,5,pabp,1,1.6,Meyakini bahwa sikap toleransi dan simpatik terhadap sesama sebagai cerminan dari iman.,,
584,5,pabp,2,2.5,"Menunjukkan perilaku hormat dan patuh kepada orang tua, guru, dan sesama anggota keluarga.",,
585,5,pabp,2,2.6,Menunjukkan sikap toleransi dan simpatik terhadap sesama.,,
586,5,pabp,3,3.5,"Memahami perilaku hormat dan patuh kepada orang tua, guru, dan sesama anggota keluarga.",,
587,5,pabp,3,3.6,Memahami sikap toleran dan simpatik terhadap sesama sebagai wujud dari pemahaman Q.S. Al-Kafirun.,,
588,5,pabp,4,4.5,"Mencontohkan perilaku hormat dan patuh kepada orang tua, guru, dan sesama anggota keluarga.",,
589,5,pabp,4,4.6,Menunjukkan sikap toleran dan simpatik terhadap sesama sebagai wujud dari pemahaman Q.S. Al-Kafirun.,,
590,5,pabp,1,1.7,Menjalankan kewajiban berzakat sebagai implementasi pemahaman rukun Islam.,,
591,5,pabp,2,2.7,"Menunjukkan sikap peduli sebagai implementasi pemahaman hikmah zakat, infak, dan sedekah sebagai implementasi rukun Islam.",,
592,5,pabp,3,3.7,"Memahami hikmah zakat, infak, dan sedekah sebagai implementasi rukun Islam.",,
593,5,pabp,4,4.7,"Menunjukkan hikmah zakat, infak, dan sedekah sebagai implementasi rukun Islam",,
594,5,pabp,1,1.8,Meyakini kebenaran kisah Nabi Yunus a.s.,,
595,5,pabp,1,1.9,Meyakini kebenaran kisah Nabi Zakariya a.s.,,
596,5,pabp,1,1.10,Meyakini kebenaran kisah Nabi Yahya a.s.,,
597,5,pabp,1,1.11,Meyakini kebenaran kisah Nabi Isa a.s.,,
598,5,pabp,1,1.14,Meyakini kebenaran kisah Ashabul Kahfi sebagaimana terdapat dalam Al-Qur'an.,,
599,5,pabp,2,2.8, Menunjukkan sikap tanggung jawab sebagai implementasi pemahaman kisah keteladanan Nabi Yunus a.s.,,
600,5,pabp,2,2.9,Menunjukkan sikap kasih sayang sebagai implementasi pemahaman kisah keteladanan Nabi Zakariya a.s.,,
601,5,pabp,2,2.10,Menunjukkan sikap patuh dan taat sebagai implementasi pemahaman kisah keteladanan Nabi Yahya a.s.,,
602,5,pabp,2,2.11,Menunjukkan sikap peduli sebagai implementasi pemahaman kisah keteladanan Nabi Isa a.s.,,
603,5,pabp,2,2.14,Menunjukkan sikap teguh pendirian sebagai implementasi pemahaman kisah keteladanan Ashabul Kahfi sebagaimana terdapat dalam Al-Qur'an.,,
604,5,pabp,3,3.8,Memahami kisah keteladanan Nabi Yunus a.s.,,
605,5,pabp,3,3.9,Memahami kisah keteladanan Nabi Zakariya a.s.,,
606,5,pabp,3,3.10,Memahami kisah keteladanan Nabi Yahya a.s.,,
607,5,pabp,3,3.11,Memahami kisah keteladanan Nabi Isa a.s.,,
608,5,pabp,3,3.14,Memahami kisah keteladanan Ashabul Kahfi sebagaimana terdapat dalam Al-Qur'an.,,
609,5,pabp,4,4.8,Menceritakan kisah keteladanan Nabi Yunus a.s.,,
610,5,pabp,4,4.9,Menceritakan kisah keteladanan Nabi Zakariya a.s.,,
611,5,pabp,4,4.10,Menceritakan kisah keteladanan Nabi Yahya a.s.,,
612,5,pabp,4,4.11,Menceritakan kisah keteladanan Nabi Isa a.s.,,
613,5,pabp,4,4.14,Menceritakan kisah keteladanan Ashabul Kahfi sebagaimana terdapat dalam Al-Qur'an.,,
614,5,pabp,1,1.1,Terbiasa membaca Al-Qur'an dengan tartil.,,
615,5,pabp,2,2.1,Menunjukkan sikap kerja sama dan peduli sebagai implementasi pemahaman makna Q.S. At-Tiin dan Q.S. Al-Maa'uun.,,
616,5,pabp,3,3.1,Memahami makna Q.S. At-Tiin dan Q.S. Al-Maa'uun dengan baik dan tartil.,,
617,5,pabp,4,4.1.1,Membaca Q.S. At-Tiin dan Q.S.Al-Maa'uun dengan tartil.,,
618,5,pabp,4,4.1.2,Menulis kalimat-kalimat dalam Q.S. At-Tiin dan Q.S. Al Maa'uun dengan benar.,,
619,5,pabp,4,4.1.3,Menunjukkan hafalan Q.S. At-Tiin dan Q.S. Al-Maa'uun dengan lancar.,,
620,5,pabp,1,1.2,"Meyakini adanya Allah Swt. Yang Maha Mematikan, Mahahidup, Maha berdiri Sendiri dan Maha Esa.",,
621,5,pabp,1,1.4,Meyakini adanya kitab-kitab suci melalui rasul-rasul-Nya sebagai implementasi rukun iman.,,
622,5,pabp,2,2.2,"Menunjukkan sikap berani, peduli, mandiri, dan teguh pendirian sebagai implementasi pemahaman makna al-asmaul husna: Al-Mumit, Al-Hayyu, Al-Qayyum, dan Al- Ahad.",,
623,5,pabp,2,2.4,Menunjukkan sikap percaya diri sebagai implementasi dari pemahaman makna diturunkannya kitab-kitab suci melalui rasul-rasul- Nya.,,
624,5,pabp,3,3.2,"Memahami makna al-asmaul husna: Al-Mumit, Al-Hayyu, Al Qayyum, dan Al-Ahad.",,
625,5,pabp,3,3.4,Memahami makna diturunkannya kitab-kitab suci melalui rasul-rasul- Nya sebagai implementasi rukun iman.,,
626,5,pabp,4,4.2,"Membaca al-asmaul husna: Al Mumit, Al-Hayyu, Al-Qayyum, dan Al-Ahad dengan jelas dan benar.",,
627,5,pabp,4,4.4,Menunjukkan makna diturunkannya kitab-kitab suci melalui rasul-rasul- Nya sebagai implementasi rukun iman.,,
628,5,pabp,1,1.5,Meyakini bahwa perilaku jujur sebagai cerminan dari iman.,,
629,5,pabp,1,1.6,Meyakini bahwa hormat dan patuh kepada orang tua dan guru sebagai cerminan dari iman.,,
630,5,pabp,1,1.7,Meyakini bahwa sikap saling menghargai sesama manusia sebagai cerminan dari iman.,,
631,5,pabp,2,2.5,Menunjukkan perilaku jujur dalam kehidupan sehai-hari.,,
632,5,pabp,2,2.6,"Menunjukkan perilaku hormat dan patuh kepada orang tua, dan guru.",,
633,5,pabp,2,2.7,Menunjukkan sikap saling menghargai sesama manusia.,,
634,5,pabp,3,3.5,Memahami makna perilaku jujur dalam kehidupan sehari-hari.,,
635,5,pabp,3,3.6,Memahami makna hormat dan patuh kepada orang tua dan guru.,,
636,5,pabp,3,3.7,Memahami makna saling menghargai sesama manusia.,,
637,5,pabp,4,4.5,Menunjukkan perilaku jujur dalam kehidupan sehari-hari.,,
638,5,pabp,4,4.6,Mencontohkan perilaku hormat dan patuh kepada orang tua dan guru.,,
639,5,pabp,4,4.7,Mencontohkan sikap saling menghargai sesama manusia.,,
640,5,pabp,1,1.10,Menjalankan kewajiban puasa Ramadan sebagai implementasi dari pemahaman rukun lslam.,,
641,5,pabp,2,2.10,Menunjukkan sikap sabar dan mengendalikan diri sebagai implementasi dari pemahaman hikmah puasa Ramadan.,,
642,5,pabp,3,3.10,Memahami hikmah puasa Ramadan yang dapat membentuk akhlak mulia.,,
643,5,pabp,4,4.10,Menunjukkan hikmah puasa Ramadan yang dapat membentuk akhlak mulia.,,
644,5,pabp,1,1.12,Meyakini kebenaran kisah Nabi Dawud a.s.,,
645,5,pabp,1,1.13,Meyakini kebenaran kisah Nabi Sulaiman a.s.,,
646,5,pabp,1,1.14,Meyakini kebenaran kisah Nabi llyas a.s.,,
647,5,pabp,1,1.15,Meyakini kebenaran kisah keteladanan Nabi llyasa a.s.,,
648,5,pabp,1,1.16,Meyakini kebenaran kisah Nabi Muhammad saw.,,
649,5,pabp,2,2.12,Menunjukkan sikap berani sebagai implementasi dari pemahaman kisah keteladanan Nabi Dawud a.s.,,
650,5,pabp,2,2.13,Menunjukkan sikap rendah hati sebagai implementasi dari pemahaman kisah keteladanan Nabi Sulaiman a.s.,,
651,5,pabp,2,2.14,Menunjukkan sikap sabar sebagai implementasi dari pemahaman kisah keteladanan Nabi llyas a.s.,,
652,5,pabp,2,2.15,Menunjukkan sikap kerja sama sebagai implementasi dari pemahaman kisah keteladanan Nabi llyasa a.s.,,
653,5,pabp,2,2.16,Menunjukkan sikap jujur dan peduli sebagai implementasi dari pemahaman kisah keteladanan Nabi Muhammad saw.,,
654,5,pabp,3,3.12,Memahami kisah keteladanan Nabi Dawud a.s.,,
655,5,pabp,3,3.13,Memahami kisah keteladanan Nabi Sulaiman a.s.,,
656,5,pabp,3,3.14,Memahami kisah keteladanan Nabi llyas a.s.,,
657,5,pabp,3,3.15,Memahami kisah keteladanan Nabi llyasa a.s.,,
658,5,pabp,3,3.16,Memahami kisah keteladanan Nabi Muhammad saw.,,
659,5,pabp,4,4.12,Menceritakan kisah keteladanan Nabi Dawud a.s.,,
660,5,pabp,4,4.13,Menceritakan kisah keteladanan Nabi Sulaiman a.s.,,
661,5,pabp,4,4.14,Menceritakan kisah keteladanan Nabi llyas a.s.,,
662,5,pabp,4,4.15,Menceritakan kisah keteladanan Nabi llyasa a.s.,,
663,5,pabp,4,4.16,Menceritakan kisah keteladanan Nabi Muhammad saw.,,
664,5,pabp,1,1.1,Terbiasa membaca Al-Qur'an dengan tartil.,,
665,5,pabp,2,2.1,Menunjukkan sikap kerja sama dan peduli sebagai implementasi pemahaman makna Q.S. At-Tin dan Q.S. Al-Ma'un.,,
666,5,pabp,3,3.1,Memahami makna Q.S. At-Tin dan Q.S. Al-Ma'un dengan baik dan tartil.,,
667,5,pabp,4,4.1.1,Membaca Q.S. At-Tin dan Q.S.Al-Ma'un dengan tartil.,,
668,5,pabp,4,4.1.2,Menulis kalimat-kalimat dalam Q.S. At-Tin dan Q.S. Al-Ma'un dengan benar.,,
669,5,pabp,4,4.1.3,Menunjukkan hafalan Q.S. At-Tin dan Q.S. Al-Ma'un dengan lancar,,
670,5,pabp,1,1.3,Meyakini keberadaan rasul Allah dan rasul ulul azmi.,,
671,5,pabp,2,2.3,Menunjukkan sikap sabar dan jujur sebagai implementasi pema- haman mengenal nama-nama rasul Allah dan rasul ulul azmi.,,
672,5,pabp,3,3.3,Memahami nama-nama rasul Allah dan rasul ulul azmi.,,
673,5,pabp,4,4.3,Menunjukkan hafalan nama-nama rasul Allah dan rasul ulul azmi.,,
674,5,pabp,1,1.8,Meyakini bahwa sikap sederhana sebagai cerminan dari iman.,,
675,5,pabp,1,1.9,Meyakini bahwa ikhlas beramal sebagai cerminan dari iman.,,
676,5,pabp,2,2.8,Menunjukkan sikap sederhana dalam kehidupan sehari-hari.,,
677,5,pabp,2,2.9,Menunjukkan sikap ikhlas beramal dalam kehidupan sehari-hari.,,
678,5,pabp,3,3.8,Memahami makana sederhana dalam kehidupan sehari-hari.,,
679,5,pabp,3,3.9,Memahami makna ikhlas beramal dalam kehidupan sehari-hari,,
680,5,pabp,4,4.8,Mencontohkan sikap sederhana dalam kehidupan sehari-hari.,,
681,5,pabp,4,4.9,Mencontohkan sikap ikhlas beramal dalam kehidupan sehari-hari.,,
682,5,pabp,1,1.11,Menjalankan shalat Tarawih dan tadarus Al-Qur'an di bulan Ramadan sebagai wujud ketaatan kepada Allah dan rasul-Nya.,,
683,5,pabp,2,2.11,Menunjukkan sikap tekun sebagai implementasi pemahaman pelaksanaan shalat Tarawih dan tadarus Al-Qur'an.,,
684,5,pabp,3,3.11,Memahami pelaksanaan shalat Tarawih dan tadarus Al-Qur'an.,,
685,5,pabp,4,4.11,Mempraktikkan tata cara shalat Tarawih dan tadarus Al-Qur'an.,,
686,5,pabp,1,1.17,Meyakini kebenaran kisah Luqman sebagaimana terdapat dalam Al-Qur'an.,,
687,5,pabp,2,2.17,Menunjukkan sikap rendah hati sebagai implementasi pemahaman kisah keteladanan Luqman sebagaimana terdapat dalam Al-Qur'an.,,
688,5,pabp,3,3.17,Memahami kisah keteladanan Luqman sebagaimana terdapat dalam Al-Qur'an.,,
689,5,pabp,4,4.17,Menceritakan kisah keteladanan Luqman sebagaimana terdapat dalam Al-Qur'an.,,
